hello,2024-11-01,123
helloitsme,2024-11-12,321312312
this is a new account,2024-11-13,12313312312
sagve account poggerse,2024-11-13,123312331
hello!!!!!!,2024-11-13,32133123
what the fuck,2024-11-13,321321314151
im vengeance,2024-11-13,2311341
this is a cool scene,2024-11-13,231132321
helo,2024-11-13,23131
hellooooo,2024-11-13,12312
hell,2024-11-13,123321
hellll,2024-11-13,23231
hel,2024-11-13,12313
helloitsmee,2024-11-13,231321
helll,2024-11-13,12321
brtuh,2024-11-13,21312312
this is an important account,2024-11-13,1232131
hellothisisatestafterthething,2024-11-14,12312
h,2024-11-14,12312312
this is new account,2024-11-14,3213213
im killing myself,2024-11-28,69420
